{
  "created_at": "2026-05-31T22:11:32",
  "method": "outdoor_0deg_over_air",
  "memo": "outdoor_0deg_1p5m_gain30_sig2452_wifi_present",
  "phase_offset_rad": 0.7714075405189913,
  "phase_offset_deg": 44.198396356305246,
  "ref_channel": 0,
  "target_channel": 1,
  "center_freq": 2450000000,
  "sample_rate": 5000000,
  "gain": 30.0,
  "block_size": 16384,
  "num_blocks_total": 50,
  "num_blocks_used": 50,
  "num_blocks_dropped": 0,
  "used_ratio": 1.0,
  "min_coherence": 0.5,
  "coherence_like_summary_all": {
    "mean": 0.8029592335224152,
    "median": 0.8069211542606354,
    "std": 0.017764544356859664,
    "min": 0.7065100073814392,
    "max": 0.8113638758659363,
    "p10": 0.8019877731800079,
    "p90": 0.8100405931472778
  },
  "coherence_like_summary_used": {
    "mean": 0.8029592335224152,
    "median": 0.8069211542606354,
    "std": 0.017764544356859664,
    "min": 0.7065100073814392,
    "max": 0.8113638758659363,
    "p10": 0.8019877731800079,
    "p90": 0.8100405931472778
  },
  "phase_offset_deg_summary_all": {
    "mean": 44.17664749270154,
    "median": 44.38936526496702,
    "std": 1.0281054744760563,
    "min": 38.39701490987222,
    "max": 45.13774226213614,
    "p10": 43.898960414635766,
    "p90": 44.722391628518494
  },
  "phase_offset_deg_summary_used": {
    "mean": 44.17664749270154,
    "median": 44.38936526496702,
    "std": 1.0281054744760563,
    "min": 38.39701490987222,
    "max": 45.13774226213614,
    "p10": 43.898960414635766,
    "p90": 44.722391628518494
  },
  "notes": [
    "phase_offset = RX1 phase - RX0 phase",
    "Correction should multiply RX1 by exp(-j * phase_offset_rad)",
    "Use same antenna/cable/RX channel layout during AoA measurement"
  ]
}