{
  "table_type": "gain_dependent_phase_delta_table",
  "reference_gain": 40,
  "reference_phase_deg": 139.33709176963632,
  "reference_phase_rad": 2.431891021533646,
  "total_blocks": 200,
  "discard_blocks": 30,
  "used_blocks_target": 170,
  "coherence_threshold": 0.5,
  "cluster_window_deg": 5.0,
  "metadata": {
    "created_at": "20260601_224154",
    "memo": "outdoor_0deg_1p0m_gain_phase_table_ref40_sig2452_hotspot_off",
    "uri": "ip:192.168.2.1",
    "center_freq": 2450000000,
    "signal_freq": 2452000000,
    "signal_offset_hz": 2000000,
    "sample_rate": 5000000,
    "rf_bandwidth": null,
    "block_size": 16384,
    "rx_channels": [
      0,
      1
    ],
    "method": "outdoor_0deg_gain_phase_delta_table",
    "notes": [
      "phase = RX1 phase - RX0 phase",
      "phase_delta is relative to reference_gain",
      "apply phase offset by multiplying RX1 with exp(-j * phase_offset_to_apply)"
    ]
  },
  "gain_table": {
    "40": {
      "phase": 2.431891021533646,
      "phase_deg": 139.33709176963632,
      "phase_std": 0.014414497521529986,
      "phase_std_deg": 0.8258898717854537,
      "coherence_mean": 0.9291672359494602,
      "coherence_median": 0.9301917254924774,
      "coherence_min": 0.9044929146766663,
      "coherence_max": 0.9375974535942078,
      "valid_blocks": 170,
      "cluster_blocks": 170,
      "cluster_ratio": 1.0,
      "cluster_window_deg": 5.0,
      "coherence_threshold": 0.5,
      "gain": 40,
      "total_blocks": 200,
      "discard_blocks": 30,
      "used_blocks_target": 170,
      "quality": "OK",
      "phase_delta": 0.0,
      "phase_delta_deg": 0.0,
      "reference_gain": 40,
      "reference_phase_deg": 139.33709176963632
    },
    "35": {
      "phase": 2.4214560104198517,
      "phase_deg": 138.73920967364378,
      "phase_std": 0.014195120766704128,
      "phase_std_deg": 0.8133205096106558,
      "coherence_mean": 0.9196021427126492,
      "coherence_median": 0.9234293401241302,
      "coherence_min": 0.6549959182739258,
      "coherence_max": 0.9330378174781799,
      "valid_blocks": 170,
      "cluster_blocks": 170,
      "cluster_ratio": 1.0,
      "cluster_window_deg": 5.0,
      "coherence_threshold": 0.5,
      "gain": 35,
      "total_blocks": 200,
      "discard_blocks": 30,
      "used_blocks_target": 170,
      "quality": "OK",
      "phase_delta": -0.01043501111379408,
      "phase_delta_deg": -0.5978820959925092,
      "reference_gain": 40,
      "reference_phase_deg": 139.33709176963632
    },
    "30": {
      "phase": 2.437005331413137,
      "phase_deg": 139.63012014085322,
      "phase_std": 0.008982306604649382,
      "phase_std_deg": 0.5146482587388941,
      "coherence_mean": 0.8735389166018542,
      "coherence_median": 0.8770691752433777,
      "coherence_min": 0.6397351026535034,
      "coherence_max": 0.8919463157653809,
      "valid_blocks": 170,
      "cluster_blocks": 170,
      "cluster_ratio": 1.0,
      "cluster_window_deg": 5.0,
      "coherence_threshold": 0.5,
      "gain": 30,
      "total_blocks": 200,
      "discard_blocks": 30,
      "used_blocks_target": 170,
      "quality": "OK",
      "phase_delta": 0.005114309879491241,
      "phase_delta_deg": 0.2930283712169088,
      "reference_gain": 40,
      "reference_phase_deg": 139.33709176963632
    },
    "25": {
      "phase": 2.4428760506591893,
      "phase_deg": 139.96648757635825,
      "phase_std": 0.010700320034419133,
      "phase_std_deg": 0.6130831774114961,
      "coherence_mean": 0.6657637361217947,
      "coherence_median": 0.6665506660938263,
      "coherence_min": 0.6036497950553894,
      "coherence_max": 0.6827825903892517,
      "valid_blocks": 170,
      "cluster_blocks": 170,
      "cluster_ratio": 1.0,
      "cluster_window_deg": 5.0,
      "coherence_threshold": 0.5,
      "gain": 25,
      "total_blocks": 200,
      "discard_blocks": 30,
      "used_blocks_target": 170,
      "quality": "WARNING - 재측정 권장",
      "phase_delta": 0.010985029125543555,
      "phase_delta_deg": 0.6293958067219311,
      "reference_gain": 40,
      "reference_phase_deg": 139.33709176963632
    }
  },
  "errors": []
}